Trip ID,Start Time,End Time,Trip Distance,Trip Duration,Accuracy,Start Census Tract,End Census Tract,Start Community Area Number,End Community Area Number,Start Community Area Name,End Community Area Name,Start Centroid Latitude,Start Centroid Longitude,Start Centroid Location,End Centroid Latitude,End Centroid Longitude,End Centroid Location
2b66b89f-9cd2-4f4f-a41b-5827bed5a9bb,09/17/2019 02:00:00 PM,09/17/2019 02:00:00 PM,0,30,0,,,,,,,,,,,,
2254578e-5ba6-41a6-9220-6c9f70e301b1,06/28/2019 09:00:00 PM,06/28/2019 10:00:00 PM,3000,945,3000,,,,,,,,,,,,
59284b84-71e5-451c-ac72-1316bdada872,07/13/2019 09:00:00 AM,07/13/2019 09:00:00 AM,2000,740,2000,,,,,,,,,,,,
701f3d5e-d18d-40b3-86aa-bb221fec66cf,08/29/2019 02:00:00 PM,08/29/2019 02:00:00 PM,0,447,0,,,,,,,,,,,,
7c423a03-3351-5425-b2f9-c6b227edbe69,06/21/2019 08:00:00 PM,06/21/2019 08:00:00 PM,2882,18,1,,,,,,,,,,,,
9dc1a7f4-4c7e-41d5-a688-422ddf59c0c9,07/13/2019 07:00:00 PM,07/13/2019 07:00:00 PM,0,446,0,,,,,,,,,,,,
12def531-1266-5326-a191-4e03679d2c88,07/06/2019 07:00:00 PM,07/06/2019 08:00:00 PM,1720,14,1,,,,,,,,,,,,
1a064b21-c245-4b5d-b9eb-774eb9538f1b,07/13/2019 07:00:00 PM,07/13/2019 08:00:00 PM,1000,3199,1000,,,,,,,,,,,,
181fea13-82a1-4186-b9e0-707fe328063a,08/22/2019 10:00:00 PM,08/22/2019 10:00:00 PM,2000,708,2000,,,,,,,,,,,,
1235d447-6cf3-446a-b7e8-0a34ed9292f4,07/18/2019 09:00:00 PM,07/18/2019 09:00:00 PM,1000,349,1000,,,,,,,,,,,,
1488a206-1b49-5986-8941-d64be920de60,06/30/2019 08:00:00 PM,06/30/2019 08:00:00 PM,1728,11,1,,,,,,,,,,,,
042a6bbb-bd05-4a17-9205-e8f5d1d4817e,09/07/2019 08:00:00 PM,09/07/2019 08:00:00 PM,0,58,0,,,,,,,,,,,,
33f534e8-5ebc-5d48-a703-222cb27a3ec7,06/16/2019 07:00:00 PM,06/16/2019 07:00:00 PM,467,5,1,,,,,,,,,,,,
225ebcde-aeff-481f-a47e-8c91657595bc,06/21/2019 06:00:00 PM,06/21/2019 06:00:00 PM,0,157,0,,,,,,,,,,,,
22bc3336-7d34-40b1-bd5b-a790aa0830db,09/17/2019 10:00:00 AM,09/17/2019 10:00:00 AM,3000,393,3000,,,,,,,,,,,,
151f450e-cd11-49a2-ae11-2a2f308057be,08/29/2019 07:00:00 PM,08/29/2019 07:00:00 PM,0,146,0,,,,,,,,,,,,
149eb77b-96c6-4e2b-8efc-2ccfa6d97590,08/03/2019 01:00:00 PM,08/03/2019 01:00:00 PM,0,149,0,,,,,,,,,,,,
2638f980-6dcc-4b59-b21b-107a665ac33c,07/30/2019 07:00:00 PM,07/30/2019 07:00:00 PM,3000,838,3000,,,,,,,,,,,,
2ce81985-c049-579b-a148-8edb33918e7a,06/22/2019 03:00:00 PM,06/22/2019 03:00:00 PM,922,6,1,,,,,,,,,,,,
14fe5b94-86b9-4a8b-8466-2fcc043b10ee,09/12/2019 06:00:00 PM,09/12/2019 06:00:00 PM,1000,306,1000,,,,,,,,,,,,
233c6be3-d308-5902-a9a0-5cf69abf9737,07/04/2019 09:00:00 PM,07/04/2019 09:00:00 PM,4279,32,1,,,,,,,,,,,,
499e6758-20e6-499e-a249-260669789fa7,07/23/2019 12:00:00 PM,07/23/2019 12:00:00 PM,0,394,0,,,,,,,,,,,,
19435cd7-5118-438c-97c8-7133267f9f94,07/20/2019 05:00:00 PM,07/20/2019 06:00:00 PM,10000,2151,10000,,,,,,,,,,,,
0f33f30f-1ab4-44fe-96b0-a2dbe2358775,07/23/2019 08:00:00 AM,07/23/2019 08:00:00 AM,8000,545,8000,,,,,,,,,,,,
442a3662-691d-5373-a6f6-dec0a9c83fc6,07/13/2019 10:00:00 PM,07/13/2019 10:00:00 PM,1196,8,1,,,,,,,,,,,,
0c238c2d-99fc-4471-ad5e-9f5a20a1cfb0,07/06/2019 01:00:00 PM,07/06/2019 01:00:00 PM,5000,1041,5000,,,,,,,,,,,,
5724fa6c-1d8c-4391-9f1e-96a2158cbf09,09/12/2019 10:00:00 PM,09/12/2019 10:00:00 PM,0,54,0,,,,,,,,,,,,
105131a8-8070-4919-b4ad-0797d9c32c4b,07/06/2019 03:00:00 PM,07/06/2019 03:00:00 PM,2755,1316,10,,,,,,,,,,,,
34461da0-cc17-4a43-8922-e6fdddc18731,09/15/2019 08:00:00 PM,09/15/2019 09:00:00 PM,0,3041,0,,,,,,,,,,,,
34c0face-e2a4-4298-8476-db5abd2d5cab,08/01/2019 09:00:00 PM,08/01/2019 09:00:00 PM,0,151,0,,,,,,,,,,,,
54a0bdc2-a9cd-4116-9116-cbe62c7aa658,08/03/2019 07:00:00 PM,08/03/2019 08:00:00 PM,8000,3415,8000,,,,,,,,,,,,
089878c2-c153-4b00-9f8d-eefa9cb5a1ba,09/08/2019 03:00:00 PM,09/08/2019 03:00:00 PM,1000,1145,1000,,,,,,,,,,,,
37be8a60-e97c-49bc-b11e-c8690f5b6fff,07/10/2019 03:00:00 PM,07/10/2019 03:00:00 PM,2000,1455,2000,,,,,,,,,,,,
2e3daaab-a7a4-400d-8674-62df99ada80d,06/22/2019 07:00:00 PM,06/22/2019 07:00:00 PM,1000,924,1000,,,,,,,,,,,,
3144b528-f968-4741-aba6-60507bc8c751,08/02/2019 10:00:00 AM,08/02/2019 11:00:00 AM,5000,1151,5000,,,,,,,,,,,,
2fc5fbef-f519-44fe-acca-de6adca9f8fa,07/27/2019 07:00:00 PM,07/27/2019 08:00:00 PM,9000,2463,9000,,,,,,,,,,,,
38362c26-0502-5d62-983e-842e3b61da47,07/05/2019 05:00:00 PM,07/05/2019 05:00:00 PM,3618,21,1,,,,,,,,,,,,
2252e1cd-b291-528a-b033-0dc14b262ba5,06/25/2019 03:00:00 PM,06/25/2019 03:00:00 PM,1711,8,1,,,,,,,,,,,,
3003013f-5828-5417-855f-051bd703e1a5,06/16/2019 10:00:00 PM,06/16/2019 10:00:00 PM,2486,22,1,,,,,,,,,,,,
07f051e2-51a8-41e6-9762-0dcdd794e060,10/15/2019 09:00:00 PM,10/15/2019 09:00:00 PM,0,690,0,,,,,,,,,,,,
0fd83a91-5403-43c4-bb6e-c01d23578fdd,06/23/2019 04:00:00 PM,06/23/2019 04:00:00 PM,34,115,10,,,,,,,,,,,,
1120bd45-608e-480c-9d81-04e75cee4e43,07/18/2019 01:00:00 PM,07/18/2019 01:00:00 PM,0,244,0,,,,,,,,,,,,
0e7ceef4-7e4c-41c4-a0da-3277fd6703bd,07/20/2019 08:00:00 PM,07/20/2019 08:00:00 PM,0,47,0,,,,,,,,,,,,
01361239-7c19-4ee8-9af4-cde01a52aac8,09/16/2019 03:00:00 PM,09/16/2019 03:00:00 PM,0,317,0,,,,,,,,,,,,
253e143e-786e-5515-a1fa-290a751778b2,07/02/2019 09:00:00 AM,07/02/2019 09:00:00 AM,13,2,1,,,,,,,,,,,,
21d3b261-e001-5c26-93c4-b5828d4ef37f,07/11/2019 04:00:00 PM,07/11/2019 05:00:00 PM,8328,53,1,,,,,,,,,,,,
34ab9f2c-c772-4c81-a128-2913af979c93,07/06/2019 01:00:00 PM,07/06/2019 01:00:00 PM,6000,342,6000,,,,,,,,,,,,
56b7a6de-3683-415f-85b9-d1b6dcbdae92,07/13/2019 08:00:00 PM,07/13/2019 09:00:00 PM,7000,2125,7000,,,,,,,,,,,,
174ef5d7-cada-4c40-a6a7-6fb4d586d8b5,07/04/2019 06:00:00 PM,07/04/2019 06:00:00 PM,8000,422,8000,,,,,,,,,,,,
31d73c9f-7c4f-4bf3-8a2d-866a87587ddd,07/16/2019 09:00:00 PM,07/16/2019 09:00:00 PM,5000,1071,5000,,,,,,,,,,,,
0893cb07-d479-4999-92cb-cf7c0888dff0,06/27/2019 01:00:00 PM,06/27/2019 01:00:00 PM,3000,991,3000,,,,,,,,,,,,
27838c88-e958-4af4-b497-1e81507ce62e,08/22/2019 07:00:00 PM,08/22/2019 08:00:00 PM,0,2912,0,,,,,,,,,,,,
0094814a-1df4-4967-9a73-ac43a0068909,09/15/2019 07:00:00 PM,09/15/2019 09:00:00 PM,0,6272,0,,,,,,,,,,,,
29f5fb52-c444-4602-ac67-629c15ffc7f0,09/24/2019 07:00:00 PM,09/24/2019 07:00:00 PM,0,107,0,,,,,,,,,,,,
357da916-38a1-5298-857e-b780523e5559,06/27/2019 12:00:00 PM,06/27/2019 01:00:00 PM,1051,13,1,,,,,,,,,,,,
02cdf8b6-9ae0-4c15-a607-8efe5048df8d,07/08/2019 07:00:00 PM,07/08/2019 07:00:00 PM,0,30,0,,,,,,,,,,,,
35236f68-adfe-496d-a21c-bdaa1fc14b92,07/26/2019 02:00:00 PM,07/26/2019 02:00:00 PM,2000,211,2000,,,,,,,,,,,,
084b41a0-912c-593a-becc-5ecd5fb3a86f,07/02/2019 01:00:00 PM,07/02/2019 01:00:00 PM,1158,8,1,,,,,,,,,,,,
35449e8b-a8cf-5623-b327-b2b67e5cd12f,07/09/2019 08:00:00 PM,07/09/2019 09:00:00 PM,1837,9,1,,,,,,,,,,,,
10f5772e-248f-4339-bbdd-bb94f2bcac26,08/22/2019 01:00:00 PM,08/22/2019 02:00:00 PM,1000,717,1000,,,,,,,,,,,,
355678d6-6be8-53fc-8514-a721c02b8eb0,06/22/2019 10:00:00 PM,06/22/2019 10:00:00 PM,1022,9,1,,,,,,,,,,,,
44856aa7-1454-440a-b5ad-d0b9a311edc7,06/21/2019 03:00:00 PM,06/21/2019 03:00:00 PM,1000,584,1000,,,,,,,,,,,,
2388674d-941d-5d52-a64d-bb8e71d0ad54,06/28/2019 11:00:00 AM,06/28/2019 11:00:00 AM,717,5,1,,,,,,,,,,,,
2a8146f3-7175-4740-9bc7-748819a53723,07/23/2019 09:00:00 PM,07/23/2019 10:00:00 PM,4000,3213,4000,,,,,,,,,,,,
26cd9f7d-5bdd-5659-996f-26d63ba642c0,06/28/2019 05:00:00 PM,06/28/2019 05:00:00 PM,606,4,1,,,,,,,,,,,,
1d05321d-16e1-44cd-9a1e-601868b101f4,08/02/2019 12:00:00 PM,08/02/2019 12:00:00 PM,1000,211,1000,,,,,,,,,,,,
04d5fb29-999d-4516-9d86-832ab0a91405,08/11/2019 05:00:00 PM,08/11/2019 05:00:00 PM,2000,637,2000,,,,,,,,,,,,
17d6cd58-7e73-57db-99d2-5e93a93d99cc,07/02/2019 10:00:00 PM,07/02/2019 10:00:00 PM,645,3,1,,,,,,,,,,,,
319004f1-07ce-49fd-a2f8-9b1c6e17c9dc,07/15/2019 05:00:00 PM,07/15/2019 06:00:00 PM,11000,1752,11000,,,,,,,,,,,,
2482d371-8700-54e4-b3b7-e300da3ae112,08/15/2019 06:00:00 PM,08/15/2019 07:00:00 PM,7239,64,1,,,,,,,,,,,,
5546c659-bdbc-593c-998c-8f5fdf0fa1b9,07/14/2019 05:00:00 PM,07/14/2019 05:00:00 PM,721,5,1,,,,,,,,,,,,
04fdbd8f-88fa-465a-a1dd-e5052930a999,07/27/2019 08:00:00 AM,07/27/2019 08:00:00 AM,5000,405,5000,,,,,,,,,,,,
0215c6ff-4bdc-4d88-abd1-615a36193161,08/26/2019 01:00:00 PM,08/26/2019 01:00:00 PM,0,1321,0,,,,,,,,,,,,
32379a4d-e3be-5a7f-8905-122332519193,06/18/2019 08:00:00 PM,06/18/2019 08:00:00 PM,9014,52,1,,,,,,,,,,,,
14803823-3e3b-415e-b56e-0f2121bed432,06/20/2019 06:00:00 PM,06/20/2019 06:00:00 PM,0,21,0,,,,,,,,,,,,
35f06c5b-8756-4bb7-9d48-39a339a4b27b,08/28/2019 06:00:00 PM,08/28/2019 06:00:00 PM,0,86,0,,,,,,,,,,,,
2b6831f7-c32a-4d8f-855e-f50bace2e355,08/15/2019 09:00:00 PM,08/15/2019 09:00:00 PM,0,73,0,,,,,,,,,,,,
13ef59a3-b97c-5ab9-a38f-9dfb41c09b20,07/10/2019 07:00:00 PM,07/10/2019 07:00:00 PM,461,4,1,,,,,,,,,,,,
29a6c4f4-47cb-42de-9adc-7d0512771120,08/24/2019 08:00:00 PM,08/24/2019 08:00:00 PM,1000,728,1000,,,,,,,,,,,,
2ef0206e-4058-43ee-848b-e8a1157dbbbc,07/28/2019 09:00:00 PM,07/28/2019 09:00:00 PM,1000,557,1000,,,,,,,,,,,,
4220ba2c-350a-4973-a415-2dee1f905ff5,08/27/2019 04:00:00 PM,08/27/2019 04:00:00 PM,0,414,0,,,,,,,,,,,,
32c4ce6e-7969-589a-aa47-65c97418e1ce,06/28/2019 06:00:00 PM,06/28/2019 06:00:00 PM,1059,11,1,,,,,,,,,,,,
097de0c2-dd59-526e-8f45-610ceb7ea855,07/02/2019 06:00:00 PM,07/02/2019 07:00:00 PM,7707,34,1,,,,,,,,,,,,
0afe8752-5a88-5a39-8579-a33ea30e7601,07/11/2019 06:00:00 PM,07/11/2019 06:00:00 PM,1407,9,1,,,,,,,,,,,,
11bf842b-6b08-4592-b1d9-1813635efb96,08/11/2019 07:00:00 PM,08/11/2019 07:00:00 PM,1000,96,1000,,,,,,,,,,,,
0913d573-93de-4ec5-9b40-89d76b617aa1,09/19/2019 03:00:00 PM,09/19/2019 03:00:00 PM,0,545,0,,,,,,,,,,,,
27f5607c-4a6c-5151-b1fa-4e4c4763c709,07/28/2019 08:00:00 PM,07/28/2019 08:00:00 PM,0,3,1,,,,,,,,,,,,
47bf64d3-9913-42f0-bc29-a06f9bca766a,07/16/2019 02:00:00 PM,07/16/2019 02:00:00 PM,3000,241,3000,,,,,,,,,,,,
0e0bc4aa-9c53-5da0-b4e9-c36f42cc9346,07/04/2019 07:00:00 AM,07/04/2019 08:00:00 AM,1363,11,1,,,,,,,,,,,,
261d69d6-31c3-525f-bc3d-4042548e21ea,07/04/2019 07:00:00 PM,07/04/2019 08:00:00 PM,3167,15,1,,,,,,,,,,,,
23c2132a-483f-4eaa-b7ed-5a8eba5d7b22,09/05/2019 01:00:00 PM,09/05/2019 01:00:00 PM,0,126,0,,,,,,,,,,,,
0047a5c6-4d07-4b13-893c-0e044fe3b990,09/16/2019 05:00:00 PM,09/16/2019 06:00:00 PM,7000,1756,7000,,,,,,,,,,,,
1b490649-3b29-45ee-83dd-9f5619244056,09/02/2019 08:00:00 PM,09/02/2019 08:00:00 PM,1000,414,1000,,,,,,,,,,,,
532074ad-d053-5b64-88c0-1b414b1af373,06/21/2019 06:00:00 PM,06/21/2019 06:00:00 PM,559,5,1,,,,,,,,,,,,
337b88e5-ac93-5f46-89ce-84e21b73cb42,07/08/2019 04:00:00 PM,07/08/2019 05:00:00 PM,4859,24,1,,,,,,,,,,,,
138608fa-f418-4cf6-9e01-6f1056346cd2,08/16/2019 09:00:00 PM,08/16/2019 09:00:00 PM,1000,228,1000,,,,,,,,,,,,
44b02a8a-b2e2-44fc-a1c8-c949d8c9f0dd,08/13/2019 05:00:00 PM,08/13/2019 05:00:00 PM,0,274,0,,,,,,,,,,,,
00065691-d52d-480c-bc5e-1301c2db134a,07/23/2019 11:00:00 AM,07/23/2019 11:00:00 AM,2000,529,2000,,,,,,,,,,,,
2831e71b-3aef-456f-9d42-da00830516b2,07/14/2019 02:00:00 PM,07/14/2019 02:00:00 PM,1000,180,1000,,,,,,,,,,,,
316d03c0-c730-4f8e-a8fd-c75fde1b4d7e,08/04/2019 07:00:00 PM,08/04/2019 09:00:00 PM,0,6830,0,,,,,,,,,,,,
0924d8a5-a798-4998-9a20-b0bb7e01769c,08/26/2019 09:00:00 PM,08/26/2019 09:00:00 PM,0,37,0,,,,,,,,,,,,
348baf9b-064b-5e67-8bb4-7a1dee3b19d8,06/26/2019 07:00:00 PM,06/26/2019 07:00:00 PM,4943,40,1,,,,,,,,,,,,
11de9913-6ceb-4057-8038-6c3af1f8a20c,07/06/2019 07:00:00 PM,07/06/2019 07:00:00 PM,6000,383,6000,,,,,,,,,,,,
20632590-0388-4dea-8f06-e90bee9aa867,07/31/2019 10:00:00 AM,07/31/2019 10:00:00 AM,2000,348,2000,,,,,,,,,,,,
0804d00d-119b-4907-839a-5cda4419f6f4,08/09/2019 06:00:00 PM,08/09/2019 07:00:00 PM,2000,938,2000,,,,,,,,,,,,
2cfba106-0eaf-56be-b942-5233609bc9a0,07/01/2019 08:00:00 PM,07/01/2019 08:00:00 PM,69,3,1,,,,,,,,,,,,
311cf06d-6c35-5a06-87f9-32e72f758f6d,06/30/2019 09:00:00 PM,06/30/2019 10:00:00 PM,967,4,1,,,,,,,,,,,,
17a6d40a-4f87-4db5-97b3-967c270316d9,09/23/2019 11:00:00 AM,09/23/2019 11:00:00 AM,1000,213,1000,,,,,,,,,,,,
00ffea42-0e29-4bf2-afd1-49ea74d7b72f,08/18/2019 06:00:00 PM,08/18/2019 06:00:00 PM,6000,1188,6000,,,,,,,,,,,,
0f7762a1-0099-5e84-94a5-902b0de45391,07/15/2019 02:00:00 PM,07/15/2019 02:00:00 PM,27,1,1,,,,,,,,,,,,
28c94e9c-c624-457a-906e-60304597e56f,06/26/2019 01:00:00 AM,06/26/2019 01:00:00 AM,2000,942,2000,,,,,,,,,,,,
0c62a927-7fed-405b-abfe-75a7bed2f22f,07/17/2019 09:00:00 AM,07/17/2019 10:00:00 AM,7000,632,7000,,,,,,,,,,,,
21f08164-2a0c-4c97-b030-a6781e2f9183,07/30/2019 08:00:00 PM,07/30/2019 08:00:00 PM,5000,341,5000,,,,,,,,,,,,
01396204-fec1-43a0-8fdf-4a93b29553c4,06/20/2019 07:00:00 PM,06/20/2019 07:00:00 PM,6000,745,6000,,,,,,,,,,,,
33f0fcae-660a-4c2e-b74f-a0a90db28bdc,07/22/2019 08:00:00 PM,07/22/2019 08:00:00 PM,1000,236,1000,,,,,,,,,,,,
2fd6c6b8-9f5a-48e3-946c-3e20cfd5eabe,08/30/2019 08:00:00 PM,08/30/2019 08:00:00 PM,0,100,0,,,,,,,,,,,,
241da64c-c993-53c1-aa9d-8d35acc50b61,06/29/2019 10:00:00 AM,06/29/2019 02:00:00 PM,24129,219,1,,,,,,,,,,,,
2e158bbb-4dbe-4466-9237-ecf3b19493a6,08/01/2019 03:00:00 PM,08/01/2019 03:00:00 PM,0,96,0,,,,,,,,,,,,
12446ee7-2d1f-4d15-959b-b095184c6c76,08/08/2019 01:00:00 PM,08/08/2019 01:00:00 PM,0,59,0,,,,,,,,,,,,
36927aea-d530-4956-b753-c1b522285baa,07/07/2019 05:00:00 PM,07/07/2019 10:00:00 PM,0,18696,0,,,,,,,,,,,,
2f59ee42-efdc-5fcc-a49d-e56182e5263a,06/21/2019 07:00:00 PM,06/21/2019 07:00:00 PM,1759,11,1,,,,,,,,,,,,
3d2d1750-1a75-4487-832b-1a3dd3155e40,08/03/2019 08:00:00 PM,08/03/2019 09:00:00 PM,2000,905,2000,,,,,,,,,,,,
1b5c205a-0484-49fd-b14d-5907ca8536b5,09/06/2019 07:00:00 PM,09/06/2019 07:00:00 PM,5000,1210,5000,,,,,,,,,,,,
384fbc2f-86db-4528-a895-becaea1ef37a,06/29/2019 02:00:00 PM,06/29/2019 02:00:00 PM,8000,1001,8000,,,,,,,,,,,,
01cda69a-616d-479a-8a17-79e3b68e3800,08/09/2019 07:00:00 PM,08/09/2019 07:00:00 PM,0,117,0,,,,,,,,,,,,
19b19580-a29f-52a3-9da6-49d67cb6397f,07/03/2019 11:00:00 AM,07/03/2019 12:00:00 PM,4221,42,1,,,,,,,,,,,,
1f29477c-12b3-4ca2-a637-4d050b33fa26,08/07/2019 04:00:00 PM,08/07/2019 04:00:00 PM,1000,352,1000,,,,,,,,,,,,
0473977d-8fb7-531b-b0dc-365fb8bed51a,06/18/2019 12:00:00 PM,06/18/2019 12:00:00 PM,1345,8,1,,,,,,,,,,,,
16eb793c-6faf-5ca0-b166-f70ecae797c4,07/01/2019 08:00:00 PM,07/01/2019 09:00:00 PM,3532,91,1,,,,,,,,,,,,
1ab03078-cde7-4137-840d-9005a45e7a15,09/06/2019 06:00:00 PM,09/06/2019 06:00:00 PM,0,511,0,,,,,,,,,,,,
046b2667-5e16-453d-9ff3-1c682ec31d0b,07/29/2019 04:00:00 PM,07/29/2019 04:00:00 PM,0,139,0,,,,,,,,,,,,
2ac22dbc-91eb-5326-a53f-b08899d844c3,06/29/2019 06:00:00 PM,06/29/2019 06:00:00 PM,2160,19,1,,,,,,,,,,,,
4d7cbe8a-6e4d-46f1-9945-0455b50b26e7,09/11/2019 03:00:00 PM,09/11/2019 03:00:00 PM,0,233,0,,,,,,,,,,,,
1cf7bb67-9e47-5d2b-9ab9-e17127e48964,06/20/2019 06:00:00 PM,06/20/2019 06:00:00 PM,244,4,1,,,,,,,,,,,,
1d805c0b-e171-489e-9e40-51c712f6ace6,08/08/2019 12:00:00 PM,08/08/2019 12:00:00 PM,1000,452,1000,,,,,,,,,,,,
0a98d995-8c10-4992-b725-8841fa24c28b,09/25/2019 01:00:00 PM,09/25/2019 01:00:00 PM,0,157,0,,,,,,,,,,,,
3597622c-ee0e-4d82-ba2f-08a3162307b1,06/22/2019 10:00:00 AM,06/22/2019 10:00:00 AM,7000,2353,7000,,,,,,,,,,,,
0fa827f0-a634-4eaa-bd0a-ee31427eb10b,06/30/2019 09:00:00 PM,06/30/2019 09:00:00 PM,1647,433,10,,,,,,,,,,,,
1d0fa943-eea0-4def-bf1d-0d5d0479bd82,08/25/2019 05:00:00 PM,08/25/2019 05:00:00 PM,4000,459,4000,,,,,,,,,,,,
22876ed8-8cfb-4d3b-958e-238004e404af,08/05/2019 02:00:00 PM,08/05/2019 02:00:00 PM,9000,1930,9000,,,,,,,,,,,,
22766b42-706f-51bc-ac8c-71f30fba5b8e,07/06/2019 02:00:00 PM,07/06/2019 02:00:00 PM,0,1,1,,,,,,,,,,,,
16cb8311-2b6e-4e3a-949a-1be6706d426f,06/18/2019 07:00:00 PM,06/18/2019 07:00:00 PM,4000,727,4000,,,,,,,,,,,,
28e06c50-44c7-517c-b538-a6dad8052580,06/23/2019 02:00:00 PM,06/23/2019 03:00:00 PM,708,9,1,,,,,,,,,,,,
46425a43-ec5d-4676-9c60-aa862eb950a2,06/23/2019 03:00:00 PM,06/23/2019 03:00:00 PM,2000,957,2000,,,,,,,,,,,,
5318bd28-fae0-58e0-84c4-d8c42f5b2b8f,06/21/2019 08:00:00 PM,06/21/2019 08:00:00 PM,889,8,1,,,,,,,,,,,,
574d1085-e138-4a2f-9f71-38f51ae127ae,08/19/2019 07:00:00 PM,08/19/2019 07:00:00 PM,0,171,0,,,,,,,,,,,,
20951c43-5148-5121-8ffe-f837de54384c,07/04/2019 06:00:00 PM,07/04/2019 07:00:00 PM,3762,48,1,,,,,,,,,,,,
016f0dbd-952f-57ca-95b5-627e0580ebd9,06/18/2019 06:00:00 PM,06/18/2019 06:00:00 PM,373,8,1,,,,,,,,,,,,
202ab641-a84f-47b9-b852-e4e512a3845f,07/25/2019 08:00:00 PM,07/25/2019 08:00:00 PM,0,15,0,,,,,,,,,,,,
1c66bfc5-21dd-4ac2-893d-beca3cb11e72,09/29/2019 03:00:00 PM,09/29/2019 03:00:00 PM,2000,519,2000,,,,,,,,,,,,
0595c791-0a51-4ff9-a1ae-383584c1460e,09/03/2019 03:00:00 PM,09/03/2019 03:00:00 PM,2000,370,2000,,,,,,,,,,,,
04894790-8b9e-4b85-a58e-e55d84c9ddc6,06/20/2019 03:00:00 PM,06/20/2019 03:00:00 PM,0,19,0,,,,,,,,,,,,
18073671-b99b-5ded-a910-7b6ee5888474,08/16/2019 10:00:00 AM,08/16/2019 10:00:00 AM,0,8,1,,,,,,,,,,,,
211a16a9-15c8-5f9e-b0bd-3d3482862829,07/03/2019 03:00:00 PM,07/03/2019 03:00:00 PM,1330,6,1,,,,,,,,,,,,
18d1ed86-5c0d-4e2d-881a-ff1628c9fbc2,07/25/2019 04:00:00 PM,07/25/2019 05:00:00 PM,4000,684,4000,,,,,,,,,,,,
11a754c8-e743-468d-8174-d99c62724263,08/08/2019 07:00:00 PM,08/08/2019 07:00:00 PM,3000,1161,3000,,,,,,,,,,,,
09d4c881-d552-57a8-b4c5-3e11f71f0d3f,06/18/2019 12:00:00 PM,06/18/2019 12:00:00 PM,31,2,1,,,,,,,,,,,,
21371c88-9a5c-50d6-8fd4-a3f489920e2b,06/30/2019 06:00:00 PM,06/30/2019 07:00:00 PM,5501,23,1,,,,,,,,,,,,
0d2a5ccf-436f-4e3d-bdb6-d97921c9345d,06/25/2019 07:00:00 PM,06/25/2019 07:00:00 PM,1000,538,1000,,,,,,,,,,,,
313fd275-dd6d-4614-8c27-71457c2d2561,09/19/2019 04:00:00 PM,09/19/2019 04:00:00 PM,0,59,0,,,,,,,,,,,,
359ca811-6e7d-46e6-9efb-7b89ca2e50d2,07/01/2019 11:00:00 AM,07/01/2019 11:00:00 AM,0,23,0,,,,,,,,,,,,
364b3e53-9e63-4eea-855d-11f372e7b352,06/26/2019 03:00:00 PM,06/26/2019 03:00:00 PM,0,30,0,,,,,,,,,,,,
1bddce0a-ff52-4e2b-bbc6-d56cf55b06ca,09/19/2019 07:00:00 PM,09/19/2019 07:00:00 PM,0,103,0,,,,,,,,,,,,
1150e18b-61fc-4316-9ef9-5d23a4d014aa,08/25/2019 02:00:00 PM,08/25/2019 02:00:00 PM,0,1205,0,,,,,,,,,,,,
09efb912-01a1-5873-90eb-63b3b72d67f2,06/16/2019 05:00:00 PM,06/16/2019 05:00:00 PM,2014,17,1,,,,,,,,,,,,
1328f803-52b3-493c-9eb3-6484c1743b52,07/04/2019 02:00:00 PM,07/04/2019 02:00:00 PM,33000,95,33000,,,,,,,,,,,,
1a435fcc-1043-4dbe-ab66-772629684019,07/31/2019 06:00:00 PM,07/31/2019 07:00:00 PM,6000,3224,6000,,,,,,,,,,,,
1f805f99-9c97-4df5-aabd-7fb59da855dd,08/06/2019 06:00:00 PM,08/06/2019 06:00:00 PM,9000,690,9000,,,,,,,,,,,,
1b85bf1c-d1d9-5f90-b917-3869c5067ee3,07/11/2019 07:00:00 PM,07/11/2019 07:00:00 PM,0,1,1,,,,,,,,,,,,
24d8cc2c-fac5-45a9-b7bf-ba8364cfcd7d,07/02/2019 04:00:00 PM,07/02/2019 04:00:00 PM,11000,523,11000,,,,,,,,,,,,
10997058-ae5d-42a7-9d03-7091bb00eec7,07/19/2019 09:00:00 PM,07/19/2019 09:00:00 PM,5000,607,5000,,,,,,,,,,,,
00a45903-57fa-4225-8f2b-87bc5887ad17,08/12/2019 10:00:00 AM,08/12/2019 10:00:00 AM,3000,578,3000,,,,,,,,,,,,
2132d355-b0ee-504e-a488-706314adfead,07/13/2019 06:00:00 PM,07/13/2019 06:00:00 PM,570,4,1,,,,,,,,,,,,
1016e6c3-885d-49c0-8329-4e9a07f9ec8c,09/26/2019 05:00:00 PM,09/26/2019 05:00:00 PM,0,19,0,,,,,,,,,,,,
08698a31-2178-556f-8412-a68f0f3ff6ac,07/01/2019 11:00:00 AM,07/01/2019 11:00:00 AM,1017,14,1,,,,,,,,,,,,
2fe4dc42-b52a-4b84-a9bf-4ca642f80638,07/18/2019 07:00:00 AM,07/18/2019 07:00:00 AM,5000,413,5000,,,,,,,,,,,,
2d8bb6c8-9368-4af3-bce6-394b8bfbd801,07/14/2019 03:00:00 PM,07/14/2019 03:00:00 PM,3000,933,3000,,,,,,,,,,,,
319a568c-292c-4c04-a2d0-ddbe9d784d3d,07/12/2019 08:00:00 PM,07/12/2019 08:00:00 PM,1000,654,1000,,,,,,,,,,,,
00b10e3e-ffed-4811-b3a5-479fbc0cbdd9,07/07/2019 09:00:00 PM,07/07/2019 09:00:00 PM,2000,141,2000,,,,,,,,,,,,
319c1cde-39e1-438b-984e-ec3fe42d26f0,07/06/2019 07:00:00 PM,07/06/2019 07:00:00 PM,0,20,0,,,,,,,,,,,,
4968fd2c-e253-5d58-a3f8-377cd43cfedc,07/04/2019 02:00:00 PM,07/04/2019 02:00:00 PM,124,3,1,,,,,,,,,,,,
02927cfd-b9f4-5969-b0d5-44e15e4e4dcf,07/23/2019 05:00:00 PM,07/23/2019 06:00:00 PM,6538,49,1,,,,,,,,,,,,
201428d6-7aab-43f7-a222-30b1f8275b22,07/20/2019 08:00:00 PM,07/20/2019 08:00:00 PM,0,31,0,,,,,,,,,,,,
4f3baea6-6c2b-4518-8ddc-35d1c3784029,06/29/2019 05:00:00 PM,06/29/2019 05:00:00 PM,0,113,0,,,,,,,,,,,,
066aa30e-1352-4fe4-8260-8827a8a6817d,06/26/2019 06:00:00 PM,06/26/2019 06:00:00 PM,2000,478,2000,,,,,,,,,,,,
228d888d-eddf-4811-baeb-0e5eeb5f538a,07/09/2019 06:00:00 PM,07/09/2019 06:00:00 PM,7000,571,7000,,,,,,,,,,,,
2d39fb0d-6468-4327-bbd3-e48e6e30431d,07/05/2019 05:00:00 PM,07/05/2019 06:00:00 PM,11000,3985,11000,,,,,,,,,,,,
2e784a15-1413-440c-b861-886031c2a902,07/29/2019 09:00:00 PM,07/29/2019 09:00:00 PM,1000,227,1000,,,,,,,,,,,,
1b1a050e-93f5-479f-be32-331f454645e1,07/26/2019 07:00:00 PM,07/26/2019 07:00:00 PM,4000,1036,4000,,,,,,,,,,,,
1c5f5341-abf6-48ea-9456-c46e6abb92e1,09/14/2019 08:00:00 PM,09/14/2019 09:00:00 PM,0,4227,0,,,,,,,,,,,,
3792c510-c01f-400f-98ff-aaad0c0572c5,08/15/2019 07:00:00 PM,08/15/2019 08:00:00 PM,6000,3714,6000,,,,,,,,,,,,
412d5614-bf1b-4e24-9aae-537844a4e6cf,08/25/2019 11:00:00 AM,08/25/2019 11:00:00 AM,0,502,0,,,,,,,,,,,,
445f9048-6202-4867-89d0-637d2519203c,07/08/2019 12:00:00 PM,07/08/2019 12:00:00 PM,3000,278,3000,,,,,,,,,,,,
1d3996fb-0cb7-4e7f-9c29-dc613bdbbaae,08/08/2019 08:00:00 PM,08/08/2019 08:00:00 PM,0,422,0,,,,,,,,,,,,
13c15f5c-c5c4-4a55-af5f-0a15ec3792b4,06/23/2019 01:00:00 PM,06/23/2019 01:00:00 PM,4000,501,4000,,,,,,,,,,,,
1890e2ba-a7f6-5a33-bdb6-33be30ebeab4,06/18/2019 12:00:00 PM,06/18/2019 01:00:00 PM,4649,27,1,,,,,,,,,,,,
3d3c1212-9a36-55b4-a0e0-29c6ac7b3524,06/27/2019 03:00:00 PM,06/27/2019 03:00:00 PM,294,3,1,,,,,,,,,,,,
27faa7d3-ab52-5796-a729-f31e1490aa53,06/28/2019 02:00:00 PM,06/28/2019 02:00:00 PM,922,7,1,,,,,,,,,,,,
05177b79-dea6-4c5c-8745-12d3e71a88c8,09/19/2019 07:00:00 PM,09/19/2019 07:00:00 PM,0,451,0,,,,,,,,,,,,
1d247482-7231-5722-be62-5b8d4ff9b7ad,07/30/2019 12:00:00 PM,07/30/2019 01:00:00 PM,12542,58,1,,,,,,,,,,,,
12c4e891-66fc-4c25-be83-49b0123b03e3,09/10/2019 01:00:00 PM,09/10/2019 01:00:00 PM,0,249,0,,,,,,,,,,,,
22148f63-98ce-487e-8f0b-773b41c4d1f1,09/17/2019 06:00:00 PM,09/17/2019 06:00:00 PM,0,230,0,,,,,,,,,,,,
08578e7e-5801-563c-bceb-0daa7693f89c,07/06/2019 09:00:00 PM,07/06/2019 09:00:00 PM,13,2,1,,,,,,,,,,,,
3726f729-8394-40ba-80ea-2f652c6b997d,07/28/2019 10:00:00 PM,07/28/2019 10:00:00 PM,0,29,0,,,,,,,,,,,,
361f60ce-ddd1-55ae-b91f-1490dcc7384c,06/21/2019 01:00:00 PM,06/21/2019 01:00:00 PM,359,3,1,,,,,,,,,,,,
4e697d0f-e889-4000-86da-a7c89d5170aa,07/23/2019 06:00:00 PM,07/23/2019 07:00:00 PM,3000,760,3000,,,,,,,,,,,,
38cd7716-1dbb-4e0c-bdb4-903983fee895,08/04/2019 08:00:00 PM,08/04/2019 08:00:00 PM,10000,1107,10000,,,,,,,,,,,,
18c44a6a-22dd-4dae-98eb-3e24287149af,06/30/2019 10:00:00 PM,06/30/2019 10:00:00 PM,1000,530,1000,,,,,,,,,,,,
234e4985-4ed7-59c5-ace0-025ea65e449f,06/29/2019 06:00:00 PM,06/29/2019 07:00:00 PM,1117,6,1,,,,,,,,,,,,
05aa98ff-f435-56d6-9679-bdac70c91d94,07/11/2019 06:00:00 PM,07/11/2019 06:00:00 PM,0,1,1,,,,,,,,,,,,
0b37ddce-b250-4d2c-9f06-65ab0e34450b,08/14/2019 09:00:00 PM,08/14/2019 09:00:00 PM,0,261,0,,,,,,,,,,,,
04dac106-a2f7-515c-934c-741d6f0a0387,06/21/2019 06:00:00 PM,06/21/2019 06:00:00 PM,441,4,1,,,,,,,,,,,,
07bcb8f0-2492-5892-bb04-36fdc88dd2ec,07/08/2019 02:00:00 PM,07/08/2019 03:00:00 PM,384,5,1,,,,,,,,,,,,
192d98ee-906b-4cd1-91d7-8fa525c44704,06/30/2019 12:00:00 PM,06/30/2019 12:00:00 PM,5000,949,5000,,,,,,,,,,,,
2158a5af-c6f1-41eb-9e0d-cd32de84f0ec,09/10/2019 04:00:00 PM,09/10/2019 04:00:00 PM,2000,396,2000,,,,,,,,,,,,
2274359a-d656-590f-a3f7-e9b42c5fdbcf,06/26/2019 07:00:00 PM,06/26/2019 07:00:00 PM,640,4,1,,,,,,,,,,,,
0e840817-1c4c-49a5-9a2b-34085a87e986,06/22/2019 05:00:00 PM,06/22/2019 05:00:00 PM,15000,355,15000,,,,,,,,,,,,
1831181d-5321-4b75-9569-fba31641acf7,09/11/2019 07:00:00 PM,09/11/2019 07:00:00 PM,4000,1835,4000,,,,,,,,,,,,
1bf5a78b-d716-5313-ac38-370dfbe3c58d,06/29/2019 04:00:00 PM,06/29/2019 04:00:00 PM,492,12,1,,,,,,,,,,,,
038f3003-8107-4f03-a44e-a8c0f8ca9e3e,09/17/2019 08:00:00 PM,09/17/2019 08:00:00 PM,0,303,0,,,,,,,,,,,,
1e3b25d3-15c5-416d-bfd5-8c5c1acccab6,09/01/2019 05:00:00 PM,09/01/2019 06:00:00 PM,0,898,0,,,,,,,,,,,,
05d09577-34fe-5146-af17-e87f0cfab4b2,07/10/2019 03:00:00 PM,07/10/2019 03:00:00 PM,3034,18,1,,,,,,,,,,,,
20116d12-1ee7-5056-afdf-44baaf341a29,07/04/2019 08:00:00 PM,07/04/2019 08:00:00 PM,1258,16,1,,,,,,,,,,,,
33b9be04-6e5a-4fa7-8499-ebcf79b30273,09/14/2019 11:00:00 AM,09/14/2019 11:00:00 AM,0,138,0,,,,,,,,,,,,
19f79f54-0539-4a7f-9124-2ad340ec09ce,08/12/2019 08:00:00 PM,08/12/2019 08:00:00 PM,0,210,0,,,,,,,,,,,,
388ce53c-dc41-40f4-b63d-d3362b65a1b5,07/14/2019 07:00:00 PM,07/14/2019 07:00:00 PM,0,126,0,,,,,,,,,,,,
33eb3a55-fa57-44c6-9758-14cc3c416678,06/28/2019 09:00:00 PM,06/28/2019 09:00:00 PM,1000,444,1000,,,,,,,,,,,,
38e27b83-d936-4ff5-980b-84a6d3e8ed38,08/03/2019 06:00:00 PM,08/03/2019 06:00:00 PM,0,181,0,,,,,,,,,,,,
266ef924-4014-4ed7-b6e1-561872258e96,06/28/2019 08:00:00 PM,06/28/2019 08:00:00 PM,5000,1217,5000,,,,,,,,,,,,
0ae20b06-af4b-548e-852f-41fbdbc53f30,07/04/2019 10:00:00 AM,07/04/2019 11:00:00 AM,832,23,1,,,,,,,,,,,,
23409aca-9e8e-4b9c-ab2f-806591277490,06/30/2019 07:00:00 PM,06/30/2019 07:00:00 PM,2000,58,2000,,,,,,,,,,,,
01b28ada-eb48-4705-bd30-83d684968397,09/26/2019 02:00:00 PM,09/26/2019 02:00:00 PM,1000,440,1000,,,,,,,,,,,,
13117cc1-351e-4b93-9b31-d529ab1e96f2,06/23/2019 03:00:00 PM,06/23/2019 04:00:00 PM,3000,4462,3000,,,,,,,,,,,,
14012777-3cc2-483e-83d4-8d874c3e1e4c,09/18/2019 06:00:00 PM,09/18/2019 08:00:00 PM,1000,7511,1000,,,,,,,,,,,,
2aaa1b63-022b-4676-b030-1632aab60f95,06/26/2019 01:00:00 PM,06/26/2019 01:00:00 PM,7000,537,7000,,,,,,,,,,,,
17a7581a-40b7-452f-80dd-d8be1cdc1103,08/25/2019 09:00:00 PM,08/25/2019 09:00:00 PM,0,183,0,,,,,,,,,,,,
300b4f92-74f7-4c8d-8024-668392964ec5,09/30/2019 07:00:00 PM,09/30/2019 07:00:00 PM,0,31,0,,,,,,,,,,,,
287924df-b64e-48bf-b3a2-bcad36488d56,09/01/2019 07:00:00 PM,09/01/2019 08:00:00 PM,1000,2260,1000,,,,,,,,,,,,
53c7feb4-86d9-44ff-925c-85109da885d7,07/24/2019 10:00:00 AM,07/24/2019 10:00:00 AM,0,103,0,,,,,,,,,,,,
2663427c-9254-4353-9465-3ae71eed69b7,07/18/2019 04:00:00 PM,07/18/2019 05:00:00 PM,8000,661,8000,,,,,,,,,,,,
27f74e8a-25f7-40f4-9efc-96dd0fba0811,09/06/2019 05:00:00 PM,09/06/2019 05:00:00 PM,0,628,0,,,,,,,,,,,,
22f7cfab-5dfb-496e-a5d9-756cea11ee0e,07/18/2019 08:00:00 AM,07/18/2019 08:00:00 AM,3000,1210,3000,,,,,,,,,,,,
2b10996b-3b16-5727-9b72-c08f50df658b,08/02/2019 06:00:00 PM,08/02/2019 08:00:00 PM,19823,79,1,,,,,,,,,,,,
100c47d7-efe3-5484-8230-b3aade06d712,06/28/2019 02:00:00 PM,06/28/2019 03:00:00 PM,3833,25,1,,,,,,,,,,,,
3a15e68a-4f30-5190-adf1-c2a27cc7ba56,07/07/2019 06:00:00 PM,07/07/2019 06:00:00 PM,553,6,1,,,,,,,,,,,,
08a13062-b07b-4252-a1c1-970a1c9fb22d,09/19/2019 10:00:00 PM,09/19/2019 10:00:00 PM,0,71,0,,,,,,,,,,,,
0ce8bfa1-278b-59c7-9eff-335b66f5a23d,06/26/2019 02:00:00 PM,06/26/2019 02:00:00 PM,1284,6,1,,,,,,,,,,,,
18407fa6-00be-4b93-93a3-4c04b8eed8cd,08/08/2019 03:00:00 PM,08/08/2019 03:00:00 PM,2000,769,2000,,,,,,,,,,,,
407f92ed-bba5-4f56-9717-c35d61e41378,07/19/2019 08:00:00 PM,07/19/2019 08:00:00 PM,16000,1436,16000,,,,,,,,,,,,
1ad3b660-d58d-5018-a4bb-5fc209dc6d63,06/29/2019 12:00:00 PM,06/29/2019 12:00:00 PM,0,2,1,,,,,,,,,,,,
44945796-5e55-5603-8d74-c3490e1e70ee,06/29/2019 04:00:00 PM,06/29/2019 05:00:00 PM,2355,15,1,,,,,,,,,,,,
033e65e5-a787-471a-8f50-302b3a2a5361,06/21/2019 03:00:00 PM,06/21/2019 03:00:00 PM,0,7,0,,,,,,,,,,,,
2d2cbaea-b465-57b2-9523-ecf939aa8b5e,07/09/2019 09:00:00 AM,07/09/2019 09:00:00 AM,1042,13,1,,,,,,,,,,,,
07ae7c38-2305-4ad4-83ba-d711f7e10ffa,08/12/2019 08:00:00 AM,08/12/2019 09:00:00 AM,1000,373,1000,,,,,,,,,,,,
1a24aedd-101d-55ce-95d8-82c804eaa488,08/25/2019 07:00:00 PM,08/25/2019 07:00:00 PM,5989,50,1,,,,,,,,,,,,
205116f8-21d1-5008-a0e7-6bbab6af3ba5,07/08/2019 02:00:00 PM,07/08/2019 02:00:00 PM,770,4,1,,,,,,,,,,,,
2c0a4a67-4274-46e1-9af5-34c6aaa1a372,06/30/2019 12:00:00 PM,06/30/2019 01:00:00 PM,9000,2284,9000,,,,,,,,,,,,
34191f59-0ec9-47ed-879e-23936991b93e,08/19/2019 08:00:00 PM,08/19/2019 09:00:00 PM,4000,1392,4000,,,,,,,,,,,,
1280179b-8f6a-44f8-83ba-ff215d956d23,06/16/2019 08:00:00 PM,06/16/2019 08:00:00 PM,0,2712,0,,,,,,,,,,,,
01152283-c40a-5e30-b65b-3c2019407b78,06/22/2019 07:00:00 PM,06/22/2019 07:00:00 PM,0,3,1,,,,,,,,,,,,
22baad08-7198-4e26-93c2-27e4ff9f81a8,07/11/2019 12:00:00 PM,07/11/2019 12:00:00 PM,1000,93,1000,,,,,,,,,,,,
2d43d91e-fb47-4b40-9a05-ea3017851409,08/12/2019 07:00:00 PM,08/12/2019 07:00:00 PM,4000,1004,4000,,,,,,,,,,,,
0773d1cd-a892-5296-b4fd-858970acad04,07/07/2019 03:00:00 PM,07/07/2019 03:00:00 PM,0,3,1,,,,,,,,,,,,
27787aa0-d1ae-575b-9f30-6b84d4a2dea5,06/25/2019 07:00:00 PM,06/25/2019 07:00:00 PM,579,3,1,,,,,,,,,,,,
574d72f9-8ea8-5647-b9f8-5fa1510f9aa3,07/03/2019 06:00:00 PM,07/03/2019 07:00:00 PM,2040,10,1,,,,,,,,,,,,
1cdac070-323f-42bb-bcb7-32af570a6829,06/15/2019 10:00:00 PM,06/15/2019 10:00:00 PM,0,1924,0,,,,,,,,,,,,
01f18d91-d7ec-4423-9cfe-c8933a43daff,08/19/2019 03:00:00 PM,08/19/2019 03:00:00 PM,0,340,0,,,,,,,,,,,,
14709484-2b81-5b00-8d78-c460aa124076,07/06/2019 09:00:00 PM,07/06/2019 10:00:00 PM,5085,33,1,,,,,,,,,,,,
172e3f68-2ffa-4299-8446-173fe774820c,08/15/2019 04:00:00 PM,08/15/2019 04:00:00 PM,3000,1034,3000,,,,,,,,,,,,
0aee1ed8-5f96-41d4-a3e4-66f770449dc8,08/22/2019 06:00:00 PM,08/22/2019 07:00:00 PM,0,519,0,,,,,,,,,,,,
24c5e845-3039-46fb-9418-e6006807a579,06/23/2019 01:00:00 PM,06/23/2019 01:00:00 PM,0,78,0,,,,,,,,,,,,
3bf527af-9fb8-5b53-890d-004fa48e5acc,08/16/2019 11:00:00 AM,08/16/2019 11:00:00 AM,0,3,1,,,,,,,,,,,,
0bc58f47-cb56-433f-afd7-6985b249f442,08/03/2019 01:00:00 PM,08/03/2019 02:00:00 PM,2000,633,2000,,,,,,,,,,,,
06efe272-60e3-46f6-bb24-735e930a5c1b,08/17/2019 07:00:00 PM,08/17/2019 07:00:00 PM,0,61,0,,,,,,,,,,,,
0249d26d-3dff-51fd-9b67-da2e6ccfd519,07/07/2019 08:00:00 PM,07/07/2019 08:00:00 PM,0,1,1,,,,,,,,,,,,
15b33406-9720-5cb4-85d2-d06357f1d414,06/27/2019 02:00:00 PM,06/27/2019 03:00:00 PM,6299,28,1,,,,,,,,,,,,
02237add-6814-440b-83d0-e49fbd272437,07/29/2019 12:00:00 PM,07/29/2019 12:00:00 PM,3000,425,3000,,,,,,,,,,,,
0a1319f2-5ff5-4b2f-9ea9-5db10d50bd56,09/18/2019 06:00:00 PM,09/18/2019 08:00:00 PM,15000,7168,15000,,,,,,,,,,,,
35a25f72-7c80-54c1-955e-dda9dbcb363d,09/06/2019 10:00:00 PM,09/06/2019 11:00:00 PM,13275,69,1,,,,,,,,,,,,
249f0a77-6145-45fc-8603-1f36310a54d6,08/12/2019 06:00:00 PM,08/12/2019 06:00:00 PM,1000,625,1000,,,,,,,,,,,,
2bbea439-6882-41f7-9a1c-7a5dfb7264c0,06/15/2019 12:00:00 PM,06/15/2019 12:00:00 PM,0,509,0,,,,,,,,,,,,
12d40cbb-e9de-4fab-b284-03327030ddab,08/22/2019 11:00:00 AM,08/22/2019 11:00:00 AM,2000,625,2000,,,,,,,,,,,,
21b0365a-7313-4a5f-809a-d6c25fc9370e,07/12/2019 04:00:00 PM,07/12/2019 04:00:00 PM,2000,258,2000,,,,,,,,,,,,
00a182ab-1957-4120-8b3a-8452aff700b7,09/13/2019 05:00:00 PM,09/13/2019 05:00:00 PM,0,1032,0,,,,,,,,,,,,
29e5511b-148c-4a1b-b983-26a8590e7201,08/05/2019 07:00:00 PM,08/05/2019 07:00:00 PM,9000,1410,9000,,,,,,,,,,,,
17bd4ed3-7403-4030-8387-fa726b4ffb6e,08/09/2019 06:00:00 PM,08/09/2019 07:00:00 PM,1000,1697,1000,,,,,,,,,,,,
1a4490d4-ef36-584b-81f8-835697892b68,06/18/2019 08:00:00 AM,06/18/2019 08:00:00 AM,1169,10,1,,,,,,,,,,,,
2f62b3a3-bc89-5639-bf75-4ada4af71446,07/01/2019 09:00:00 PM,07/01/2019 10:00:00 PM,4182,33,1,,,,,,,,,,,,
384878c5-bf02-5d29-9734-172d7cbb002d,06/22/2019 07:00:00 PM,06/22/2019 07:00:00 PM,4313,34,1,,,,,,,,,,,,
06a84b8f-c179-4287-889e-748bfe194f84,07/24/2019 11:00:00 AM,07/24/2019 11:00:00 AM,4000,1193,4000,,,,,,,,,,,,
10d32e76-9365-494d-aba4-2cab00979a5b,08/24/2019 12:00:00 PM,08/24/2019 12:00:00 PM,0,110,0,,,,,,,,,,,,
0a43cb14-d4f3-57a0-abfa-a9517405e5ea,07/09/2019 07:00:00 PM,07/09/2019 07:00:00 PM,2300,17,1,,,,,,,,,,,,
4a24fdd3-9785-41b9-bb2f-35153de26c3f,08/22/2019 07:00:00 PM,08/22/2019 07:00:00 PM,0,123,0,,,,,,,,,,,,
2d0a84e8-ab49-4596-8406-52575f188848,08/10/2019 07:00:00 PM,08/10/2019 07:00:00 PM,4000,659,4000,,,,,,,,,,,,
1cd2cc94-1c14-550a-9702-d7ab8eae4317,06/19/2019 04:00:00 PM,06/19/2019 04:00:00 PM,1207,8,1,,,,,,,,,,,,
2fea8490-156a-48cb-a1fa-ddf9ac6f3d62,08/26/2019 07:00:00 PM,08/26/2019 07:00:00 PM,1000,471,1000,,,,,,,,,,,,
09192b53-2858-5d0e-b494-ffa105f1cea5,06/18/2019 09:00:00 PM,06/18/2019 09:00:00 PM,211,7,1,,,,,,,,,,,,
18f73bf6-c96f-479d-8a7f-6ee4abb85aab,08/19/2019 05:00:00 PM,08/19/2019 05:00:00 PM,1000,413,1000,,,,,,,,,,,,
1b632942-d796-4ef4-9c02-2517e5814c4f,07/24/2019 07:00:00 PM,07/24/2019 10:00:00 PM,0,10746,0,,,,,,,,,,,,
35ccdfd8-82f3-425b-8a96-7db7e736c80f,08/11/2019 06:00:00 PM,08/11/2019 06:00:00 PM,0,117,0,,,,,,,,,,,,
24b12dfa-4f1e-59c3-a755-0802223e6391,07/10/2019 08:00:00 AM,07/10/2019 08:00:00 AM,4955,19,1,,,,,,,,,,,,
33da183b-6673-433b-9492-c18200c581f9,09/11/2019 06:00:00 PM,09/11/2019 06:00:00 PM,0,617,0,,,,,,,,,,,,
36e5e6b4-2c7c-55f3-9f55-019df23076dc,07/04/2019 06:00:00 PM,07/04/2019 06:00:00 PM,28,2,1,,,,,,,,,,,,
187899c1-5c4b-4451-8f42-6bedb0bb5cd5,09/01/2019 08:00:00 PM,09/01/2019 08:00:00 PM,0,555,0,,,,,,,,,,,,
2699b4a9-4bc8-4e4a-aa90-49f4b862a84a,07/11/2019 05:00:00 PM,07/11/2019 05:00:00 PM,0,195,0,,,,,,,,,,,,
2fd6c0ff-fbfd-421f-bbab-d20da93bc4f3,06/22/2019 03:00:00 PM,06/22/2019 04:00:00 PM,0,4047,0,,,,,,,,,,,,
26abc3c4-623b-44e0-b794-6d1965c27fb2,07/07/2019 11:00:00 AM,07/07/2019 11:00:00 AM,1000,187,1000,,,,,,,,,,,,
1aa56000-bfb7-434a-9df3-6cc6a7686ee6,07/08/2019 07:00:00 PM,07/08/2019 07:00:00 PM,0,358,0,,,,,,,,,,,,
0a0c2d81-cbbd-4277-b38e-c310f10e3622,06/25/2019 10:00:00 PM,06/25/2019 10:00:00 PM,3000,476,3000,,,,,,,,,,,,
20c590ec-8b4e-4c53-af51-45fc776c5a18,08/16/2019 12:00:00 PM,08/16/2019 12:00:00 PM,0,193,0,,,,,,,,,,,,
1a71a338-e848-4367-963f-98d01af0e43b,06/19/2019 02:00:00 PM,06/19/2019 03:00:00 PM,0,585,0,,,,,,,,,,,,
2bc0a41c-cf56-5f68-bc50-15161d98a94c,06/22/2019 12:00:00 PM,06/22/2019 12:00:00 PM,2027,11,1,,,,,,,,,,,,
35e1c377-5ec7-52ae-928b-f6b8a3d0fa8d,06/27/2019 06:00:00 PM,06/27/2019 06:00:00 PM,982,9,1,,,,,,,,,,,,
1f233127-99a5-415f-b4bc-ccebd2ece3de,07/06/2019 03:00:00 PM,07/06/2019 03:00:00 PM,6000,1020,6000,,,,,,,,,,,,
136e9312-e192-55f6-b8aa-40619b1d8b12,06/27/2019 08:00:00 PM,06/27/2019 08:00:00 PM,821,6,1,,,,,,,,,,,,
0980b23b-9e3a-4cb1-9563-a29ddb688722,08/16/2019 08:00:00 PM,08/16/2019 08:00:00 PM,1000,453,1000,,,,,,,,,,,,
05a23e6f-deac-5a93-8f2c-c9b54e8c2f94,07/06/2019 01:00:00 PM,07/06/2019 04:00:00 PM,11675,207,1,,,,,,,,,,,,
2fc5b19e-855b-43bb-b73f-9829bcfb8ec7,09/10/2019 04:00:00 PM,09/10/2019 04:00:00 PM,0,364,0,,,,,,,,,,,,
171382e3-9cbd-5db4-ac38-0e21961ce85c,06/16/2019 05:00:00 PM,06/16/2019 05:00:00 PM,445,5,1,,,,,,,,,,,,
52828966-db75-4e55-aabe-7b9e7379c83d,08/10/2019 12:00:00 PM,08/10/2019 12:00:00 PM,6000,1351,6000,,,,,,,,,,,,
505b5897-910d-47bf-bcc1-3d1a7aaf91b7,07/24/2019 03:00:00 PM,07/24/2019 10:00:00 PM,0,26798,0,,,,,,,,,,,,
08daa73e-5ad1-4977-8182-e0925269367a,08/25/2019 11:00:00 AM,08/25/2019 12:00:00 PM,2000,808,2000,,,,,,,,,,,,
02a90b01-608e-49ca-b184-f6a00d437003,09/23/2019 06:00:00 PM,09/23/2019 06:00:00 PM,0,46,0,,,,,,,,,,,,
0f2a72cf-7c73-48ea-a4fe-c8a7ef85c89a,07/05/2019 05:00:00 PM,07/05/2019 07:00:00 PM,15000,5134,15000,,,,,,,,,,,,
08fcf0cb-a3dd-477c-995c-fd8a3e99af73,07/15/2019 03:00:00 PM,07/15/2019 04:00:00 PM,8000,1724,8000,,,,,,,,,,,,
35566ef4-fac0-44cb-ab46-3b8ac9d515cf,06/30/2019 08:00:00 PM,06/30/2019 08:00:00 PM,5000,550,5000,,,,,,,,,,,,
31e2dff5-99b4-4b1b-8e41-b7f1f452c834,06/22/2019 02:00:00 PM,06/22/2019 02:00:00 PM,5000,442,5000,,,,,,,,,,,,
081a2641-e2c5-44b3-a032-706125944060,08/07/2019 01:00:00 PM,08/07/2019 01:00:00 PM,0,312,0,,,,,,,,,,,,
2821aa8b-5f6b-5acd-8fd3-710bd697f4d3,07/08/2019 10:00:00 AM,07/08/2019 11:00:00 AM,1159,6,1,,,,,,,,,,,,
31973e26-d046-4300-9b81-60068ebff8be,08/29/2019 07:00:00 PM,08/29/2019 07:00:00 PM,0,207,0,,,,,,,,,,,,
070824cd-ccb7-489f-acd6-b7664821827d,06/16/2019 03:00:00 PM,06/16/2019 04:00:00 PM,1000,2901,1000,,,,,,,,,,,,
2073375e-8535-4677-b70f-a6d7b296c6c3,09/25/2019 07:00:00 PM,09/25/2019 07:00:00 PM,0,187,0,,,,,,,,,,,,
0709ef02-23f4-472a-a05d-b94360f7c182,09/21/2019 11:00:00 AM,09/21/2019 11:00:00 AM,0,291,0,,,,,,,,,,,,
19137dcd-f3eb-45c7-95ec-72fb35fb792c,09/03/2019 07:00:00 PM,09/03/2019 07:00:00 PM,0,62,0,,,,,,,,,,,,
3a1f33ed-2219-4688-ab21-51fc1cfecd37,09/09/2019 05:00:00 PM,09/09/2019 05:00:00 PM,0,52,0,,,,,,,,,,,,
36db7d9b-8ae3-45e0-a3a7-d8999d5a73b3,06/27/2019 04:00:00 PM,06/27/2019 04:00:00 PM,2000,1696,2000,,,,,,,,,,,,
19cb640c-2e0d-44f4-b29c-f1f8f77cfc45,08/10/2019 02:00:00 PM,08/10/2019 02:00:00 PM,0,50,0,,,,,,,,,,,,
0666c5eb-bddc-5cfc-aeb3-19a8eb763294,06/27/2019 01:00:00 PM,06/27/2019 01:00:00 PM,0,1,1,,,,,,,,,,,,
2b640565-3dfc-56c7-b795-68c1c6e12ba7,06/25/2019 08:00:00 PM,06/25/2019 09:00:00 PM,5176,42,1,,,,,,,,,,,,
4138c17c-c213-59db-acc3-e4a37c534a7a,06/25/2019 08:00:00 PM,06/25/2019 08:00:00 PM,2374,22,1,,,,,,,,,,,,
1ed94762-d102-5766-9545-55f405c576d4,06/17/2019 12:00:00 PM,06/17/2019 12:00:00 PM,870,6,1,,,,,,,,,,,,
1474c797-5b1a-5cd7-b048-f6d32d73939a,07/05/2019 08:00:00 PM,07/05/2019 09:00:00 PM,1688,12,1,,,,,,,,,,,,
0584020a-5e61-4270-94ef-56392fad7501,08/02/2019 07:00:00 PM,08/02/2019 07:00:00 PM,1000,315,1000,,,,,,,,,,,,
0b6ed0fa-e442-47d0-8331-133d6562f04b,06/29/2019 08:00:00 PM,06/29/2019 08:00:00 PM,0,20,0,,,,,,,,,,,,
571a7883-07a6-4655-8b9e-258b928cf12e,06/28/2019 06:00:00 PM,06/28/2019 06:00:00 PM,5000,632,5000,,,,,,,,,,,,
47da3004-ed3a-4642-a961-889ad89095fe,07/24/2019 07:00:00 PM,07/24/2019 07:00:00 PM,0,73,0,,,,,,,,,,,,
333214a1-298d-5980-a496-dca2cdd1b4bb,07/13/2019 08:00:00 PM,07/13/2019 09:00:00 PM,7110,66,1,,,,,,,,,,,,
29b77623-cb0b-56bb-8629-47b8d20c538c,07/04/2019 05:00:00 PM,07/04/2019 05:00:00 PM,13,1,1,,,,,,,,,,,,
21d8e0da-4909-5559-a65a-69d54fcaac40,06/29/2019 05:00:00 PM,06/29/2019 06:00:00 PM,1015,13,1,,,,,,,,,,,,
13f05ca4-d5f8-43be-b509-fde7a0526c6e,08/24/2019 03:00:00 PM,08/24/2019 03:00:00 PM,0,337,0,,,,,,,,,,,,
1b69f0a0-848c-46e4-bda9-f8bddef44c95,06/18/2019 04:00:00 PM,06/18/2019 05:00:00 PM,6000,1177,6000,,,,,,,,,,,,
3497b9d4-4f66-4edf-92a9-a515ffca3f76,07/09/2019 01:00:00 PM,07/09/2019 02:00:00 PM,3000,639,3000,,,,,,,,,,,,
104f732b-1241-4e92-9011-12c2f789e38d,08/04/2019 10:00:00 AM,08/04/2019 10:00:00 AM,1000,447,1000,,,,,,,,,,,,
27c38468-47a5-46c2-bbaa-dfc738380a51,09/11/2019 06:00:00 PM,09/11/2019 06:00:00 PM,0,835,0,,,,,,,,,,,,
2166f41c-49ae-47b6-b37d-282d10fda7e3,06/29/2019 06:00:00 PM,06/29/2019 06:00:00 PM,1000,234,1000,,,,,,,,,,,,
0e0b061d-bb3a-521e-8471-3deeb4ea63f2,08/03/2019 09:00:00 PM,08/03/2019 10:00:00 PM,8921,54,1,,,,,,,,,,,,
023313ce-5c57-5097-a653-3a9d3dcb21c9,06/22/2019 01:00:00 PM,06/22/2019 02:00:00 PM,777,17,1,,,,,,,,,,,,
32a7ad4b-d14e-5453-b807-eb387e2eb163,06/29/2019 07:00:00 PM,06/29/2019 07:00:00 PM,720,6,1,,,,,,,,,,,,
5747ceb5-7ad4-52b7-8767-619c19cf33a9,06/23/2019 01:00:00 PM,06/23/2019 01:00:00 PM,0,4,1,,,,,,,,,,,,
150e9c90-36ab-55e0-9aa4-7c3a97347900,07/06/2019 12:00:00 PM,07/06/2019 12:00:00 PM,1475,14,1,,,,,,,,,,,,
3603f61d-295d-452a-b072-c55f6b7d23e1,08/11/2019 06:00:00 PM,08/11/2019 06:00:00 PM,1000,483,1000,,,,,,,,,,,,
1f29258f-9e70-4569-8759-d4213aabd050,08/06/2019 10:00:00 PM,08/06/2019 10:00:00 PM,0,18,0,,,,,,,,,,,,
28303713-1eb9-40fc-be7f-7140ae0fdf3a,09/05/2019 06:00:00 PM,09/05/2019 06:00:00 PM,0,287,0,,,,,,,,,,,,
37ac8041-7809-5cdc-9320-40e4c27c47e6,06/18/2019 07:00:00 PM,06/18/2019 07:00:00 PM,2067,16,1,,,,,,,,,,,,
2203d69c-b42e-42f3-ad7a-9b1f9b03f29e,07/05/2019 08:00:00 PM,07/05/2019 09:00:00 PM,2000,938,2000,,,,,,,,,,,,
144c0525-e974-49b6-994a-6d9a8f364a23,09/10/2019 01:00:00 PM,09/10/2019 01:00:00 PM,0,898,0,,,,,,,,,,,,
23b6bcae-ceed-59b5-a7a6-5be7524c6d17,06/27/2019 09:00:00 AM,06/27/2019 09:00:00 AM,1808,12,1,,,,,,,,,,,,
064b9d34-cb70-4e92-a961-56238084d80d,07/16/2019 08:00:00 PM,07/16/2019 08:00:00 PM,2000,167,2000,,,,,,,,,,,,
3411c29c-3dd0-47d2-af63-e85952833bfc,09/27/2019 05:00:00 PM,09/27/2019 05:00:00 PM,0,186,0,,,,,,,,,,,,
0a4075e6-f0b5-4798-ba42-f382785f8bed,07/20/2019 07:00:00 PM,07/20/2019 08:00:00 PM,3000,749,3000,,,,,,,,,,,,
2323d879-67d2-49e5-9bb7-9885180f3b84,08/09/2019 09:00:00 AM,08/09/2019 09:00:00 AM,0,52,0,,,,,,,,,,,,
129f9435-a74b-50ed-a8e2-ca8de39fb8c3,07/10/2019 08:00:00 PM,07/10/2019 08:00:00 PM,5928,25,1,,,,,,,,,,,,
2773233e-7d66-403b-b776-015bb09fe9ad,07/12/2019 10:00:00 PM,07/12/2019 10:00:00 PM,0,21,0,,,,,,,,,,,,
223dc7e5-d262-5527-8738-11839cc62e72,08/17/2019 06:00:00 PM,08/17/2019 07:00:00 PM,5638,48,1,,,,,,,,,,,,
0da8cdfa-0744-43e0-823a-3de74a6b108f,09/12/2019 10:00:00 PM,09/12/2019 10:00:00 PM,0,244,0,,,,,,,,,,,,
16920b70-a2c4-46a4-a93c-6b392ca693de,09/19/2019 07:00:00 PM,09/19/2019 07:00:00 PM,1000,236,1000,,,,,,,,,,,,
0c3cfbe8-8e59-4e5b-baab-d8b5ff8e44e1,07/20/2019 10:00:00 PM,07/20/2019 10:00:00 PM,1000,521,1000,,,,,,,,,,,,
2e323b7d-dbd9-59f1-85ff-eaacf7787e49,07/06/2019 08:00:00 PM,07/06/2019 08:00:00 PM,732,4,1,,,,,,,,,,,,
384ab7f4-62d3-474a-aa74-5cafc466c52e,08/18/2019 08:00:00 PM,08/18/2019 08:00:00 PM,2000,430,2000,,,,,,,,,,,,
4fde89ba-9f8a-420c-b8e8-6b834ab3809c,07/08/2019 07:00:00 PM,07/08/2019 07:00:00 PM,3000,260,3000,,,,,,,,,,,,
2845dc2b-dfeb-4294-a173-955ab00f766c,07/04/2019 06:00:00 PM,07/04/2019 06:00:00 PM,0,248,0,,,,,,,,,,,,
22530e75-ee13-49cc-a794-2c0420bf6250,08/04/2019 04:00:00 PM,08/04/2019 04:00:00 PM,1000,1465,1000,,,,,,,,,,,,
225f9958-d1db-4808-a656-9629a77b1b37,09/24/2019 05:00:00 PM,09/24/2019 05:00:00 PM,0,121,0,,,,,,,,,,,,
2ceff813-7379-4ec4-8bd6-ae68243f180b,06/17/2019 07:00:00 PM,06/17/2019 07:00:00 PM,2000,343,2000,,,,,,,,,,,,
078090f8-8db4-4fb3-b497-a542b53cbac5,08/25/2019 01:00:00 PM,08/25/2019 01:00:00 PM,0,163,0,,,,,,,,,,,,
080b7bc1-1e0b-57c8-9e20-b406caeb9aa0,06/20/2019 05:00:00 PM,06/20/2019 05:00:00 PM,657,3,1,,,,,,,,,,,,
2e630581-85de-48bc-a2bb-a9035bdb908c,09/23/2019 05:00:00 PM,09/23/2019 06:00:00 PM,0,1794,0,,,,,,,,,,,,
2bbbd441-9bb7-5550-9fe7-b6dae8ff0c11,07/12/2019 05:00:00 PM,07/12/2019 05:00:00 PM,404,5,1,,,,,,,,,,,,
52814ae5-4b0f-4646-b5d2-14f4e2d87165,08/21/2019 06:00:00 PM,08/21/2019 06:00:00 PM,0,82,0,,,,,,,,,,,,
53f8ac77-31d2-4aed-b2ec-175b31312bb1,09/16/2019 01:00:00 PM,09/16/2019 01:00:00 PM,2000,310,2000,,,,,,,,,,,,
26ae3395-f7df-58bd-9e10-2ee936dc31c2,07/04/2019 04:00:00 PM,07/04/2019 05:00:00 PM,4467,22,1,,,,,,,,,,,,
059ba862-b533-4835-aa41-5a11a516781e,08/07/2019 12:00:00 PM,08/07/2019 12:00:00 PM,0,131,0,,,,,,,,,,,,
09416645-f3c7-4151-ad0c-ca59de933b7c,07/23/2019 06:00:00 PM,07/23/2019 06:00:00 PM,2000,271,2000,,,,,,,,,,,,
14fe6185-7f50-4734-bc09-d59c83a0a0f1,06/15/2019 02:00:00 PM,06/15/2019 03:00:00 PM,0,3499,0,,,,,,,,,,,,
0b8192f6-3098-4812-a66f-dc417a0945ff,08/28/2019 03:00:00 PM,08/28/2019 04:00:00 PM,0,399,0,,,,,,,,,,,,
2c7ef658-67ba-41a3-92a6-6dce3a490ef1,07/17/2019 12:00:00 PM,07/17/2019 12:00:00 PM,0,183,0,,,,,,,,,,,,
30edc732-5392-5172-8f7d-e434490e6a38,06/20/2019 04:00:00 PM,06/20/2019 04:00:00 PM,1015,8,1,,,,,,,,,,,,
1feb9571-e67d-441a-b88f-1777e5c30479,06/22/2019 09:00:00 AM,06/22/2019 09:00:00 AM,2000,1192,2000,,,,,,,,,,,,
1bf81a0d-07a6-5287-b33c-9ceef362e09b,06/21/2019 08:00:00 PM,06/21/2019 08:00:00 PM,299,6,1,,,,,,,,,,,,
34035475-8a48-4aa8-a0e9-66e1e25f4abd,07/18/2019 07:00:00 AM,07/18/2019 07:00:00 AM,1000,324,1000,,,,,,,,,,,,
3337c70b-0062-47a2-9e93-7cbf23da6868,06/24/2019 09:00:00 PM,06/24/2019 09:00:00 PM,3000,1059,3000,,,,,,,,,,,,
2e20b4c7-1350-4f06-857e-21ed696459ed,07/03/2019 07:00:00 PM,07/03/2019 07:00:00 PM,3000,361,3000,,,,,,,,,,,,
26bfcba3-2cd1-4b86-8d04-273264bf1b7f,07/18/2019 03:00:00 PM,07/18/2019 03:00:00 PM,1000,132,1000,,,,,,,,,,,,
09f7f4f5-4c44-43e3-a445-d5b0d3e54761,08/06/2019 05:00:00 PM,08/06/2019 05:00:00 PM,0,266,0,,,,,,,,,,,,
14e4688b-fcb5-4be2-bebd-066bc3fc5029,06/18/2019 03:00:00 PM,06/18/2019 03:00:00 PM,0,388,0,,,,,,,,,,,,
0c8f88c5-a506-4ef4-b11c-ad62380e53fa,08/25/2019 04:00:00 PM,08/25/2019 05:00:00 PM,0,1334,0,,,,,,,,,,,,
2eeb6d7d-abd4-4748-83ca-68d58a8900df,09/16/2019 06:00:00 PM,09/16/2019 06:00:00 PM,0,137,0,,,,,,,,,,,,
167fa21d-174e-5045-af0d-25cebd2885fd,06/21/2019 10:00:00 PM,06/21/2019 10:00:00 PM,2164,14,1,,,,,,,,,,,,
0f25a781-9e2b-5508-a6b5-b4a5d41a5155,06/23/2019 09:00:00 PM,06/23/2019 09:00:00 PM,2405,27,1,,,,,,,,,,,,
378f5916-0afc-45dd-8213-0ab6879c6d01,09/04/2019 04:00:00 PM,09/04/2019 04:00:00 PM,0,165,0,,,,,,,,,,,,
0f7278c7-77ad-53e1-9751-c9c3bedcb07d,06/16/2019 07:00:00 PM,06/16/2019 07:00:00 PM,2250,20,1,,,,,,,,,,,,
0a09e979-e7bc-4546-a053-a7e764baddce,09/10/2019 06:00:00 PM,09/10/2019 06:00:00 PM,0,88,0,,,,,,,,,,,,
2154cae4-b700-573e-a70c-83544758fe7d,06/29/2019 08:00:00 PM,06/29/2019 08:00:00 PM,802,8,1,,,,,,,,,,,,
2708404a-49d8-56c3-a763-c301e79ab889,06/15/2019 03:00:00 PM,06/15/2019 03:00:00 PM,3372,16,1,,,,,,,,,,,,
0d11f88e-801c-4285-9f05-c1ac1e74e7b7,07/19/2019 05:00:00 PM,07/19/2019 06:00:00 PM,6000,1797,6000,,,,,,,,,,,,
08624c89-86b5-43f3-865d-c5bdbc0bbebd,07/20/2019 05:00:00 PM,07/20/2019 05:00:00 PM,3000,443,3000,,,,,,,,,,,,
08accc26-4ac5-5895-85ec-e8b4eb7c3187,07/06/2019 05:00:00 PM,07/06/2019 06:00:00 PM,3789,31,1,,,,,,,,,,,,
2080dfd2-6fca-409f-ae11-77cdac1f7967,06/22/2019 12:00:00 PM,06/22/2019 01:00:00 PM,5000,1739,5000,,,,,,,,,,,,
01d5541a-9b20-5bae-9c7b-a2dffdc37928,06/26/2019 09:00:00 PM,06/26/2019 09:00:00 PM,0,1,1,,,,,,,,,,,,
13449510-a43b-4bdc-bc0c-3c0dddc144dd,06/27/2019 07:00:00 PM,06/27/2019 07:00:00 PM,4000,397,4000,,,,,,,,,,,,
22fe708f-750a-44e4-8881-1ff467b903b0,09/26/2019 03:00:00 PM,09/26/2019 03:00:00 PM,0,322,0,,,,,,,,,,,,
19bc15b2-675f-539a-8cf2-092c2f21d223,06/25/2019 09:00:00 AM,06/25/2019 09:00:00 AM,2913,13,1,,,,,,,,,,,,
2fd3485d-ea0e-5977-8537-6628e802783a,06/25/2019 08:00:00 PM,06/25/2019 08:00:00 PM,758,4,1,,,,,,,,,,,,
2758d41c-53c1-4184-b781-32903501f847,06/23/2019 02:00:00 PM,06/23/2019 02:00:00 PM,0,80,0,,,,,,,,,,,,
2738dc38-1805-534c-9e5a-582c75fc4bbb,07/15/2019 09:00:00 AM,07/15/2019 09:00:00 AM,6965,35,1,,,,,,,,,,,,
0a248242-9a53-46e3-893a-57a47edfe8c9,09/18/2019 10:00:00 PM,09/18/2019 10:00:00 PM,0,468,0,,,,,,,,,,,,
24f88430-b98c-51be-8dfb-57cc69a16669,06/15/2019 02:00:00 PM,06/15/2019 03:00:00 PM,2790,21,1,,,,,,,,,,,,
2a960ee9-e04f-5410-b042-ad9ca2fc6df1,06/28/2019 03:00:00 PM,06/28/2019 03:00:00 PM,9208,20,1,,,,,,,,,,,,
337f07be-9a49-42b9-b294-c739d38fb9df,06/18/2019 08:00:00 PM,06/18/2019 08:00:00 PM,5000,1541,5000,,,,,,,,,,,,
53f6fa26-8e23-5c83-9f99-a19602c5909c,06/30/2019 09:00:00 PM,06/30/2019 09:00:00 PM,546,11,1,,,,,,,,,,,,
07560d5e-853a-4ed1-8ec2-28cfd07be92e,09/03/2019 06:00:00 PM,09/03/2019 07:00:00 PM,0,898,0,,,,,,,,,,,,
1fa2079a-8738-4785-954b-595c0133354b,09/13/2019 10:00:00 AM,09/13/2019 10:00:00 AM,0,272,0,,,,,,,,,,,,
10a72d95-e417-5eac-9072-7117d8a13744,07/12/2019 06:00:00 PM,07/12/2019 06:00:00 PM,1181,6,1,,,,,,,,,,,,
1df606c5-b5c0-488e-9924-eac88198d2c3,06/20/2019 02:00:00 PM,06/20/2019 02:00:00 PM,8000,1126,8000,,,,,,,,,,,,
098e9583-cb71-48c4-a56f-a5a4445b5264,08/29/2019 06:00:00 PM,08/29/2019 06:00:00 PM,0,240,0,,,,,,,,,,,,
300e25ff-8bca-493f-852c-4dc03bbe3aa2,09/24/2019 04:00:00 PM,09/24/2019 04:00:00 PM,0,644,0,,,,,,,,,,,,
1f3f39c7-b019-59fc-99f5-70b47a6f7e9b,06/30/2019 09:00:00 PM,06/30/2019 09:00:00 PM,892,7,1,,,,,,,,,,,,
10c4c721-34d5-59ce-b91a-4abf7c38139b,07/11/2019 04:00:00 PM,07/11/2019 04:00:00 PM,1342,8,1,,,,,,,,,,,,
1416b3d7-e2c6-427a-a9de-b888629e675e,09/23/2019 07:00:00 PM,09/23/2019 07:00:00 PM,1000,1877,1000,,,,,,,,,,,,
4461604c-b06b-4865-aa35-6edf05d13f7a,06/16/2019 03:00:00 PM,06/16/2019 03:00:00 PM,0,417,0,,,,,,,,,,,,
22bf748d-f890-4093-9a9d-d62f95f29a26,07/27/2019 01:00:00 PM,07/27/2019 01:00:00 PM,0,220,0,,,,,,,,,,,,
021c41e2-7b3a-4ae0-b740-92ba6a334725,09/13/2019 07:00:00 PM,09/13/2019 07:00:00 PM,0,1860,0,,,,,,,,,,,,
1e6fa0fe-f57d-45de-b42b-f7249cd09836,07/19/2019 01:00:00 PM,07/19/2019 01:00:00 PM,4000,490,4000,,,,,,,,,,,,
24a5d260-36b5-4e95-bb3b-21167ca32f59,08/25/2019 06:00:00 PM,08/25/2019 06:00:00 PM,0,27,0,,,,,,,,,,,,
0ec1a8f5-432e-4a9f-af08-3fc9811f21ac,06/18/2019 08:00:00 PM,06/18/2019 09:00:00 PM,6000,3553,6000,,,,,,,,,,,,
0947a240-2926-429e-987b-87fda63ede8d,08/01/2019 05:00:00 PM,08/01/2019 05:00:00 PM,11000,818,11000,,,,,,,,,,,,
20af4d41-74ab-4981-a9fa-3e6b0d0db62a,07/25/2019 07:00:00 PM,07/25/2019 07:00:00 PM,1000,124,1000,,,,,,,,,,,,
328cf907-2c1b-5170-a58d-efa31aaeded6,06/15/2019 04:00:00 PM,06/15/2019 04:00:00 PM,531,4,1,,,,,,,,,,,,
15e311fb-f53a-42aa-88a2-629631988c20,09/04/2019 05:00:00 PM,09/04/2019 05:00:00 PM,1000,482,1000,,,,,,,,,,,,
3735cc02-a010-476c-82aa-58be005fc10c,09/18/2019 02:00:00 PM,09/18/2019 02:00:00 PM,0,246,0,,,,,,,,,,,,
2b406937-d9bc-41da-873b-501ee3e74e58,08/18/2019 02:00:00 PM,08/18/2019 02:00:00 PM,0,118,0,,,,,,,,,,,,
04646559-6e96-4d13-813f-576a7a2f466b,09/10/2019 05:00:00 PM,09/10/2019 05:00:00 PM,0,6,0,,,,,,,,,,,,
1416477b-b81b-4cd2-95c3-f2d55b9a3dbb,06/26/2019 05:00:00 PM,06/26/2019 06:00:00 PM,0,337,0,,,,,,,,,,,,
4f338f13-12a1-554e-9a2b-184c08cb8431,06/22/2019 02:00:00 PM,06/22/2019 02:00:00 PM,782,11,1,,,,,,,,,,,,
2d6564b1-9de1-492f-a0c9-793732a7634a,09/13/2019 07:00:00 PM,09/13/2019 09:00:00 PM,5000,4254,5000,,,,,,,,,,,,
35473701-7a34-4bf1-ba4a-6215d9bfc2ad,07/16/2019 06:00:00 PM,07/16/2019 07:00:00 PM,6000,2263,6000,,,,,,,,,,,,
2e56aadd-94ce-5fb6-a2b1-e3b9858a246c,06/25/2019 12:00:00 PM,06/25/2019 12:00:00 PM,12,1,1,,,,,,,,,,,,
2e07c201-a229-5f70-9c2d-c0d034cc7db5,06/19/2019 04:00:00 PM,06/19/2019 04:00:00 PM,37,2,1,,,,,,,,,,,,
15c281db-9d69-48e3-8b65-9bb4cad0a507,06/28/2019 03:00:00 PM,06/28/2019 03:00:00 PM,0,60,0,,,,,,,,,,,,
26305cbc-c09a-4084-9ecd-71b57f0e99fc,08/10/2019 07:00:00 PM,08/10/2019 07:00:00 PM,4000,741,4000,,,,,,,,,,,,
06eebd74-76b9-481b-a4f1-4ab180ee5cb7,07/27/2019 10:00:00 AM,07/27/2019 10:00:00 AM,1000,220,1000,,,,,,,,,,,,
18c8fd95-2720-43ad-b65d-5a97ab7c1607,08/28/2019 10:00:00 PM,08/28/2019 10:00:00 PM,0,125,0,,,,,,,,,,,,
12e15e71-086c-44b4-904c-28fe87290e06,09/19/2019 08:00:00 AM,09/19/2019 09:00:00 AM,0,225,0,,,,,,,,,,,,
2f194542-9ba1-4b01-afde-32209496eb0c,08/21/2019 10:00:00 PM,08/21/2019 10:00:00 PM,0,660,0,,,,,,,,,,,,
334b3b3d-6fde-5eda-85aa-2e0e3f46fe66,07/03/2019 07:00:00 PM,07/03/2019 07:00:00 PM,1787,8,1,,,,,,,,,,,,
0a4cafc2-ab1c-41f3-bc03-2d17c5b1d910,06/29/2019 01:00:00 PM,06/29/2019 02:00:00 PM,2000,667,2000,,,,,,,,,,,,
31f833c2-9425-4f96-8dbf-2c98f9b4e7d2,06/30/2019 08:00:00 PM,06/30/2019 08:00:00 PM,1000,854,1000,,,,,,,,,,,,
0d67c293-a241-44c7-b5d4-32bd8bb470a3,08/02/2019 11:00:00 AM,08/02/2019 11:00:00 AM,1000,343,1000,,,,,,,,,,,,
11d1c210-2a9b-5004-a047-ce668da16bbb,06/23/2019 05:00:00 PM,06/23/2019 05:00:00 PM,964,9,1,,,,,,,,,,,,
33015988-f31f-589f-afe5-3b6819ebb22c,07/03/2019 04:00:00 PM,07/03/2019 04:00:00 PM,1154,7,1,,,,,,,,,,,,
062b2df3-ca8d-45d1-9fb8-c1d462f1379f,07/20/2019 06:00:00 PM,07/20/2019 06:00:00 PM,2000,628,2000,,,,,,,,,,,,
2a8295dc-d37a-45b3-b595-c36aa1d6c8df,07/16/2019 08:00:00 PM,07/16/2019 08:00:00 PM,1000,261,1000,,,,,,,,,,,,
061c3068-8fe2-5f2d-8519-397bc956ee5f,06/25/2019 12:00:00 PM,06/25/2019 12:00:00 PM,1326,8,1,,,,,,,,,,,,
3622f67b-3938-533b-9e48-a4db4247bca3,07/09/2019 07:00:00 PM,07/09/2019 08:00:00 PM,2304,13,1,,,,,,,,,,,,
29ec8b0e-5983-5c9f-bfa6-8f9a312e10a9,07/08/2019 12:00:00 PM,07/08/2019 12:00:00 PM,1527,12,1,,,,,,,,,,,,
34232210-46d4-41f5-9201-4713fdf5f1f3,08/08/2019 09:00:00 PM,08/08/2019 09:00:00 PM,0,445,0,,,,,,,,,,,,
06b11100-65a2-42d8-b049-53c6df2343b5,07/09/2019 06:00:00 PM,07/09/2019 06:00:00 PM,0,201,0,,,,,,,,,,,,
1864b20b-5de8-454e-b51e-352bf9d3e1b5,08/06/2019 04:00:00 PM,08/06/2019 05:00:00 PM,2000,185,2000,,,,,,,,,,,,
52d480b3-4f4a-4d80-8772-f86aca01db5f,07/02/2019 08:00:00 PM,07/02/2019 08:00:00 PM,2000,516,2000,,,,,,,,,,,,
2d543040-1893-4996-9cec-315781febe0c,08/17/2019 07:00:00 PM,08/17/2019 07:00:00 PM,0,304,0,,,,,,,,,,,,
2d3b0af3-9bfb-5da2-aa46-2733f5825d4a,07/08/2019 06:00:00 PM,07/08/2019 06:00:00 PM,0,0,1,,,,,,,,,,,,
074419a2-7168-440f-9f63-03ba90ea1798,08/27/2019 03:00:00 PM,08/27/2019 03:00:00 PM,0,161,0,,,,,,,,,,,,
08b20a8c-c909-4c4d-8294-0fc90ba9aec0,06/25/2019 11:00:00 AM,06/25/2019 11:00:00 AM,1000,251,1000,,,,,,,,,,,,
096df019-5086-4c53-9482-285869e6a67a,07/09/2019 04:00:00 PM,07/09/2019 04:00:00 PM,2000,440,2000,,,,,,,,,,,,
3747e11a-5796-5725-9711-1698a8b46f2f,07/05/2019 07:00:00 PM,07/05/2019 08:00:00 PM,11,2,1,,,,,,,,,,,,
41e97b92-7b9b-405d-a020-a9a7c621fe8e,06/18/2019 06:00:00 PM,06/18/2019 06:00:00 PM,17000,711,17000,,,,,,,,,,,,
1b5b2385-a682-5bbd-bc9f-a0bca36a072a,06/16/2019 04:00:00 PM,06/16/2019 04:00:00 PM,1300,13,1,,,,,,,,,,,,
1db0e9ab-e2fa-4604-9ea8-e0d2a4dc2e18,08/16/2019 10:00:00 PM,08/16/2019 10:00:00 PM,3000,1161,3000,,,,,,,,,,,,
45408d6f-2993-5bc4-81f4-f12209a69f48,06/28/2019 08:00:00 PM,06/28/2019 08:00:00 PM,1327,15,1,,,,,,,,,,,,
0b109739-84ed-5856-97af-82e9eee40449,06/28/2019 05:00:00 PM,06/28/2019 05:00:00 PM,0,2,1,,,,,,,,,,,,
0c29421f-e108-4220-ac39-8d5206d7fddd,06/19/2019 05:00:00 PM,06/19/2019 07:00:00 PM,0,7188,0,,,,,,,,,,,,
1c60659c-fd9b-40e9-8d4e-532e51279268,08/30/2019 07:00:00 PM,08/30/2019 07:00:00 PM,0,187,0,,,,,,,,,,,,
168bf9e7-0b39-5fda-afc4-6b9c27ebc5e0,07/03/2019 05:00:00 PM,07/03/2019 05:00:00 PM,1004,6,1,,,,,,,,,,,,
2db4f30d-3870-44b3-a6ab-5cef16c28a5e,09/11/2019 05:00:00 PM,09/11/2019 05:00:00 PM,0,26,0,,,,,,,,,,,,
33863b76-7148-502c-91f7-ae940d7e4f1c,06/29/2019 01:00:00 PM,06/29/2019 01:00:00 PM,1363,6,1,,,,,,,,,,,,
3852c5f0-7e44-4705-afa0-a8cff4a4c44a,09/05/2019 12:00:00 PM,09/05/2019 12:00:00 PM,0,314,0,,,,,,,,,,,,
00361a93-d586-5082-93d3-a3d4648870c8,07/03/2019 09:00:00 AM,07/03/2019 09:00:00 AM,647,4,1,,,,,,,,,,,,
0ae86e39-cc94-408e-8a97-5459f5a0bd7b,08/10/2019 12:00:00 PM,08/10/2019 12:00:00 PM,0,302,0,,,,,,,,,,,,
09d0c5b7-e82a-531a-929f-8399869b2535,06/18/2019 06:00:00 PM,06/18/2019 07:00:00 PM,4580,47,1,,,,,,,,,,,,